City_ID,City,Lat,Lng,Max Temp,Humidity,Cloudiness,Wind Speed,Country,Date
0,aripuana,-9.1667,-60.6333,301.46,49,73,1.29,BR,2024-10-14 19:37:28
1,egilsstadir,65.2653,-14.3948,273.1,93,75,4.63,IS,2024-10-14 19:38:59
2,pisco,-13.7,-76.2167,291.18,82,0,6.69,PE,2024-10-14 19:39:00
3,hasaki,35.7333,140.8333,296.64,53,78,2.54,JP,2024-10-14 19:39:01
4,vwawa,-9.1167,32.9333,291.08,50,100,1.15,TZ,2024-10-14 19:39:03
5,urbano santos,-3.2078,-43.4036,297.84,85,79,2.44,BR,2024-10-14 19:36:40
6,verkhniy baskunchak,48.2256,46.7217,274.09,34,33,4.02,RU,2024-10-14 19:39:05
7,mejit,10.2753,170.8646,301.64,79,88,6.67,MH,2024-10-14 19:39:06
8,yellowknife,62.456,-114.3525,282.82,90,75,8.23,CA,2024-10-14 19:39:07
9,bethel,41.3712,-73.414,282.05,68,100,1.34,US,2024-10-14 19:35:27
10,bilibino,68.0546,166.4372,271.51,98,100,2.96,RU,2024-10-14 19:39:09
11,rundu,-17.9333,19.7667,291.51,51,98,2.54,NA,2024-10-14 19:39:10
12,ulsteinvik,62.3432,5.8487,281.9,67,97,4.02,NO,2024-10-14 19:39:11
13,katsuura,35.1333,140.3,296.88,58,72,2.76,JP,2024-10-14 19:39:13
14,hawaiian paradise park,19.5933,-154.9731,299.75,88,100,4.63,US,2024-10-14 19:39:14
15,blackmans bay,-43.0167,147.3167,289.0,55,6,1.79,AU,2024-10-14 19:39:15
16,puerto natales,-51.7236,-72.4875,280.04,85,100,1.85,CL,2024-10-14 19:34:36
17,ushuaia,-54.8,-68.3,283.96,46,0,4.12,AR,2024-10-14 19:34:34
18,puerto ayora,-0.7393,-90.3518,294.01,95,67,2.68,EC,2024-10-14 19:39:18
19,edinburgh of the seven seas,-37.0676,-12.3116,284.25,81,100,10.38,SH,2024-10-14 19:39:19
20,uttarkashi,30.7333,78.45,283.62,60,0,2.47,IN,2024-10-14 19:39:20
21,hastings,50.8552,0.5729,284.81,61,100,2.03,GB,2024-10-14 19:39:22
22,hamilton,39.1834,-84.5333,284.62,77,40,2.06,US,2024-10-14 19:34:30
23,huy-neinstedt,51.9667,10.9167,277.91,88,2,1.14,DE,2024-10-14 19:39:24
24,harstad,68.799,16.5293,277.12,97,97,7.6,NO,2024-10-14 19:39:25
25,mili,6.0815,171.735,302.3,76,38,6.96,MH,2024-10-14 19:39:26
26,fale old settlement,-9.3852,-171.2468,301.56,71,99,3.47,TK,2024-10-14 19:39:27
27,san gavino monreale,39.5514,8.7917,292.95,80,5,3.09,IT,2024-10-14 19:39:28
28,kodiak,57.79,-152.4072,281.88,81,100,3.09,US,2024-10-14 19:39:29
29,avarua,-21.2078,-159.775,298.18,57,75,3.09,CK,2024-10-14 19:39:31
30,constantia,44.1833,28.65,285.76,69,100,3.01,RO,2024-10-14 19:39:32
31,wailua homesteads,22.0669,-159.378,301.59,84,20,6.69,US,2024-10-14 19:39:33
32,udachny,66.4167,112.4,265.04,95,100,2.07,RU,2024-10-14 19:39:35
33,utrik,11.2278,169.8474,301.47,80,57,8.46,MH,2024-10-14 19:39:36
34,grytviken,-54.2811,-36.5092,273.03,82,26,7.17,GS,2024-10-14 19:39:37
35,ust-nera,64.5667,143.2,264.33,81,75,1.7,RU,2024-10-14 19:39:38
36,cockburn town,21.4612,-71.1419,302.41,76,100,6.78,TC,2024-10-14 19:39:39
37,west island,-12.1568,96.8225,300.14,83,75,5.14,CC,2024-10-14 19:39:40
38,tsiombe,-25.3,45.4833,294.27,73,62,4.33,MG,2024-10-14 19:39:41
39,fada n'gourma,12.0622,0.3578,298.81,73,71,3.43,BF,2024-10-14 19:39:44
40,waitangi,-43.9535,-176.5597,284.47,87,19,6.17,NZ,2024-10-14 19:39:45
41,hermanus,-34.4187,19.2345,286.37,60,2,10.49,ZA,2024-10-14 19:39:46
42,albany,42.6001,-73.9662,279.38,74,100,2.68,US,2024-10-14 19:31:00
43,whitehorse,60.7161,-135.0538,279.87,70,75,5.66,CA,2024-10-14 19:39:48
44,kingston,17.997,-76.7936,302.68,74,40,5.14,JM,2024-10-14 19:30:55
45,manggar,-2.8833,108.2667,302.07,69,100,2.89,ID,2024-10-14 19:39:50
46,tiksi,71.6872,128.8694,259.04,93,86,6.13,RU,2024-10-14 19:39:51
47,eno,62.8051,30.1542,279.42,97,100,2.62,FI,2024-10-14 19:39:52
48,tolanaro,-25.0319,46.9987,293.19,88,0,2.06,MG,2024-10-14 19:39:54
49,port-aux-francais,-49.35,70.2167,275.72,74,99,15.1,TF,2024-10-14 19:39:55
50,nova vicosa,-17.8919,-39.3719,297.67,74,100,6.97,BR,2024-10-14 19:39:56
51,tumayr,25.7039,45.868,297.47,23,0,4.56,SA,2024-10-14 19:39:57
52,xai-xai,-25.0519,33.6442,294.48,86,100,8.47,MZ,2024-10-14 19:39:58
53,ancud,-41.8697,-73.8203,281.64,84,47,1.27,CL,2024-10-14 19:40:00
54,jamestown,42.097,-79.2353,278.95,75,100,0.0,US,2024-10-14 19:35:51
55,la passe,45.5549,-0.8967,291.86,87,100,3.35,FR,2024-10-14 19:40:03
56,punta arenas,-53.15,-70.9167,282.21,66,0,4.63,CL,2024-10-14 19:40:05
57,kavaratti,10.5669,72.642,300.26,79,100,1.59,IN,2024-10-14 19:40:06
58,port elizabeth,-33.918,25.5701,283.32,83,20,1.03,ZA,2024-10-14 19:40:09
59,vilyuchinsk,52.9306,158.4028,284.3,66,2,3.03,RU,2024-10-14 19:40:10
60,kralendijk,12.15,-68.2667,302.14,84,20,4.63,BQ,2024-10-14 19:39:18
61,lospalos,-8.5186,127.0025,302.55,49,65,4.37,TL,2024-10-14 19:40:12
62,kitob,39.0843,66.8332,286.23,80,100,0.31,UZ,2024-10-14 19:40:13
63,azna,33.6095,48.9307,287.1,38,4,0.66,IR,2024-10-14 19:40:14
64,ust'-kut,56.7938,105.7672,271.15,83,100,3.71,RU,2024-10-14 19:40:15
65,gulf shores,30.246,-87.7008,298.71,80,0,2.57,US,2024-10-14 19:40:16
66,pundong,-7.9522,110.3486,301.23,68,100,4.71,ID,2024-10-14 19:40:17
67,aras-asan,8.8908,126.3033,302.0,72,96,0.92,PH,2024-10-14 19:40:19
68,oak island,33.9166,-78.1611,294.18,56,0,3.09,US,2024-10-14 19:37:23
69,abadan,30.3392,48.3043,298.12,88,0,0.0,IR,2024-10-14 19:40:21
70,adamstown,-25.066,-130.1015,294.02,85,63,9.64,PN,2024-10-14 19:40:22
71,margaret river,-33.95,115.0667,288.22,63,53,3.48,AU,2024-10-14 19:40:23
72,maues,-3.3836,-57.7186,302.42,44,1,2.77,BR,2024-10-14 19:40:24
73,bay harbor,30.1471,-85.6146,299.12,89,0,3.6,US,2024-10-14 19:40:25
74,san antonio de pale,-1.4014,5.6325,298.33,84,88,4.25,GQ,2024-10-14 19:40:26
75,stanley,54.868,-1.6985,277.89,92,40,1.03,GB,2024-10-14 19:40:28
76,papatowai,-46.5619,169.4708,282.87,55,82,5.18,NZ,2024-10-14 19:40:29
77,itamaraca,-7.7478,-34.8256,297.76,77,24,3.74,BR,2024-10-14 19:40:30
78,sao joao do piaui,-8.3581,-42.2467,303.2,39,50,3.9,BR,2024-10-14 19:40:31
79,alappuzha,9.49,76.3264,297.58,86,100,2.16,IN,2024-10-14 19:40:32
80,iqaluit,63.7506,-68.5145,273.0,80,75,4.63,CA,2024-10-14 19:40:33
81,namibe,-15.1961,12.1522,294.04,90,89,1.19,AO,2024-10-14 19:40:34
82,port-cartier,50.0334,-66.8654,280.35,77,100,8.56,CA,2024-10-14 19:40:35
83,rockport,28.0206,-97.0544,300.4,77,0,2.57,US,2024-10-14 19:40:37
84,alice springs,-23.7,133.8833,306.9,24,1,7.72,AU,2024-10-14 19:40:38
85,guixi,28.2886,117.2133,295.11,83,100,0.56,CN,2024-10-14 19:40:39
86,mitsamiouli,-11.3847,43.2844,298.01,80,29,4.39,KM,2024-10-14 19:40:40
87,tezu,27.9167,96.1667,295.65,61,4,0.97,IN,2024-10-14 19:40:42
88,bandarbeyla,9.4942,50.8122,298.5,84,45,4.88,SO,2024-10-14 19:40:43
89,ashtabula,41.7001,-80.7665,279.96,86,75,0.0,US,2024-10-14 19:40:44
90,raufoss,60.7264,10.6172,273.09,93,25,0.38,NO,2024-10-14 19:40:45
91,dalandzadgad,43.5708,104.425,281.4,50,86,4.15,MN,2024-10-14 19:40:47
92,grosseto,42.8333,11.25,290.98,72,40,1.03,IT,2024-10-14 19:40:48
93,anadyr,64.75,177.4833,271.43,79,75,5.0,RU,2024-10-14 19:40:49
94,jayapura,-2.5333,140.7,304.81,61,97,1.9,ID,2024-10-14 19:40:50
95,kayangel,8.0823,134.7173,302.04,69,56,1.6,PW,2024-10-14 19:40:51
96,esperanza,19.5847,-70.9849,296.09,96,1,1.22,DO,2024-10-14 19:40:52
97,mananjary,-21.2167,48.3333,293.0,90,80,3.55,MG,2024-10-14 19:40:53
98,nova sintra,14.8667,-24.7167,300.18,78,88,5.84,CV,2024-10-14 19:40:54
99,kone,-21.0595,164.8658,300.96,44,35,4.15,NC,2024-10-14 19:40:55
100,angra do heroismo,38.65,-27.2167,292.49,88,20,5.72,PT,2024-10-14 19:40:57
101,badger,64.8,-147.5333,273.35,90,100,2.06,US,2024-10-14 19:40:58
102,yei,4.095,30.6779,291.14,96,17,1.67,SS,2024-10-14 19:40:59
103,el bauga,18.262,33.9081,305.25,25,4,2.75,SD,2024-10-14 19:41:00
104,dem'yanovo,60.3511,47.0842,273.17,61,18,3.99,RU,2024-10-14 19:41:01
105,fuling,29.7022,107.3919,293.92,75,94,0.72,CN,2024-10-14 19:41:02
106,sitka,57.0531,-135.33,282.09,76,100,6.17,US,2024-10-14 19:41:03
107,tanumah,27.1,44.1333,296.12,20,0,3.47,SA,2024-10-14 19:41:04
108,carnarvon,-24.8667,113.6333,294.38,61,6,7.01,AU,2024-10-14 19:41:05
109,ribeira grande,38.5167,-28.7,294.14,79,62,0.89,PT,2024-10-14 19:41:07
110,st. john's,47.5649,-52.7093,282.58,92,100,2.06,CA,2024-10-14 19:41:08
111,ihosy,-22.4,46.1167,289.52,93,0,0.46,MG,2024-10-14 19:41:09
112,cabo san lucas,22.8909,-109.9124,303.32,61,0,6.17,MX,2024-10-14 19:41:10
113,olonkinbyen,70.9221,-8.7187,270.88,75,100,4.33,SJ,2024-10-14 19:41:11
114,chonchi,-42.6128,-73.8092,278.93,94,23,0.72,CL,2024-10-14 19:41:12
115,hami,42.8,93.45,289.31,30,60,2.83,CN,2024-10-14 19:41:13
116,arraial do cabo,-22.9661,-42.0278,292.13,88,0,1.54,BR,2024-10-14 19:41:14
117,quelimane,-17.8786,36.8883,298.12,94,0,3.6,MZ,2024-10-14 19:41:15
118,baukau,51.5526,7.2042,279.53,96,6,2.31,DE,2024-10-14 19:41:17
119,guerrero negro,27.9769,-114.0611,292.47,82,0,7.4,MX,2024-10-14 19:41:18
120,bumba,2.1833,22.4667,294.48,96,100,0.39,CD,2024-10-14 19:41:19
121,ilulissat,69.2167,-51.1,271.16,93,100,6.17,GL,2024-10-14 19:41:20
122,bandar lampung,-5.4254,105.258,299.94,76,100,2.44,ID,2024-10-14 19:41:21
123,antofagasta,-23.65,-70.4,288.75,84,58,2.24,CL,2024-10-14 19:41:22
124,barmer,25.75,71.3833,301.88,43,95,1.87,IN,2024-10-14 19:41:23
125,college,64.8569,-147.8028,273.4,86,100,2.06,US,2024-10-14 19:41:24
126,magadan,59.5667,150.8,276.0,97,100,2.72,RU,2024-10-14 19:41:26
127,san bernardo del viento,9.3533,-75.9524,300.17,82,100,2.6,CO,2024-10-14 19:41:27
128,saipan,15.1355,145.701,304.54,74,40,3.6,MP,2024-10-14 19:41:28
129,praia da vitoria,38.7333,-27.0667,292.29,88,20,5.18,PT,2024-10-14 19:41:29
130,tabuk,17.4189,121.4443,299.55,78,94,1.11,PH,2024-10-14 19:41:30
131,polovinnoye,54.7914,65.9864,270.07,81,45,1.13,RU,2024-10-14 19:41:31
132,thompson,55.7435,-97.8558,274.24,64,40,1.54,CA,2024-10-14 19:41:35
133,qaqortoq,60.7167,-46.0333,275.66,88,100,3.31,GL,2024-10-14 19:41:36
134,taltal,-25.4,-70.4833,292.34,59,0,1.12,CL,2024-10-14 19:41:37
135,georgetown,5.4112,100.3354,302.01,82,20,1.03,MY,2024-10-14 19:41:38
136,newman,37.3138,-121.0208,300.95,49,0,1.79,US,2024-10-14 19:41:40
137,colotlan,22.1,-103.2667,292.65,43,0,1.49,MX,2024-10-14 19:41:42
138,island harbour,50.724,-1.2758,286.49,72,100,5.79,GB,2024-10-14 19:41:44
139,dunedin,-45.8742,170.5036,284.15,63,100,4.02,NZ,2024-10-14 19:41:45
140,port mathurin,-19.6833,63.4167,295.5,65,100,8.28,MU,2024-10-14 19:41:46
141,thames,-37.1333,175.5333,291.01,50,3,5.19,NZ,2024-10-14 19:41:47
142,zaozersk,69.4005,32.4476,275.96,90,100,2.68,RU,2024-10-14 19:41:48
143,nizhnesortymskiy,62.4397,71.7603,273.83,88,100,4.84,RU,2024-10-14 19:41:49
144,vila velha,-20.3297,-40.2925,295.34,86,40,5.14,BR,2024-10-14 19:39:40
145,amga,60.8953,131.9608,265.45,92,92,1.13,RU,2024-10-14 19:41:51
146,lusambo,-4.9667,23.45,293.7,97,100,0.77,CD,2024-10-14 19:41:52
147,gubkinskiy,64.434,76.5026,273.09,94,100,4.09,RU,2024-10-14 19:41:54
148,inirida,3.8653,-67.9239,296.9,80,81,0.34,CO,2024-10-14 19:41:56
149,polyarnyy,69.1989,33.4478,275.77,84,100,1.81,RU,2024-10-14 19:41:57
150,manismata,-2.4667,111.0333,300.81,77,99,1.08,ID,2024-10-14 19:41:58
151,isafjordur,66.0755,-23.124,272.54,77,80,2.67,IS,2024-10-14 19:41:59
152,port alfred,-33.5906,26.891,286.03,76,63,0.89,ZA,2024-10-14 19:42:00
153,capao bonito,-24.0058,-48.3494,289.08,95,100,3.97,BR,2024-10-14 19:42:01
154,coquimbo,-29.9533,-71.3436,287.03,71,0,2.57,CL,2024-10-14 19:42:02
155,ryazanskiy,55.7242,37.7758,275.58,75,100,2.75,RU,2024-10-14 19:42:04
156,longyearbyen,78.2186,15.6401,277.06,70,40,7.72,SJ,2024-10-14 19:42:05
157,galliano,29.4422,-90.2992,298.15,83,0,1.54,US,2024-10-14 19:42:06
158,rawson,-43.3002,-65.1023,282.31,76,0,2.57,AR,2024-10-14 19:42:07
159,qom,34.6401,50.8764,294.14,30,28,2.05,IR,2024-10-14 19:42:08
160,bredasdorp,-34.5322,20.0403,287.49,50,90,7.61,ZA,2024-10-14 19:42:09
161,saint-denis,48.9167,2.3333,287.16,96,75,3.09,FR,2024-10-14 19:42:10
162,betio village,1.358,172.9211,305.17,78,37,7.93,KI,2024-10-14 19:42:11
163,aasiaat,68.7098,-52.8699,268.97,95,79,2.07,GL,2024-10-14 19:42:13
164,hithadhoo,-0.6,73.0833,301.19,73,100,2.83,MV,2024-10-14 19:42:14
165,timimoun,29.2639,0.231,299.36,38,100,3.09,DZ,2024-10-14 19:42:15
166,mahina,-17.5065,-149.489,301.02,65,75,6.69,PF,2024-10-14 19:42:16
167,brookings,44.3114,-96.7984,281.15,56,40,4.12,US,2024-10-14 19:42:17
168,afaahiti,-17.75,-149.2833,296.58,78,18,5.01,PF,2024-10-14 19:42:19
169,cedeira,43.6797,-8.0209,287.58,1,92,1.56,ES,2024-10-14 19:42:20
170,hancheng,32.5186,112.3522,294.78,69,0,1.2,CN,2024-10-14 19:42:22
171,luganville,-15.5333,167.1667,298.42,90,100,4.88,VU,2024-10-14 19:42:23
172,mount gambier,-37.8333,140.7667,287.75,90,100,4.83,AU,2024-10-14 19:42:24
173,sao tome,0.3365,6.7273,299.14,82,46,2.79,ST,2024-10-14 19:42:25
174,yigo village,13.5361,144.8886,302.77,78,40,2.57,GU,2024-10-14 19:42:26
175,yuzhno-kurilsk,44.0306,145.8556,289.16,77,100,8.41,RU,2024-10-14 19:42:27
176,debre birhan,9.6833,39.5333,281.7,72,23,0.93,ET,2024-10-14 19:42:28
177,aykhal,66.0,111.5,264.65,95,100,2.89,RU,2024-10-14 19:42:29
178,dampit,-8.2116,112.7493,300.56,62,100,2.64,ID,2024-10-14 19:42:30
179,petropavlovsk-kamchatsky,53.0452,158.6483,283.48,37,0,8.0,RU,2024-10-14 19:42:32
180,ontario,34.0633,-117.6509,297.36,57,0,6.17,US,2024-10-14 19:40:30
181,cidreira,-30.1811,-50.2056,292.88,83,100,11.91,BR,2024-10-14 19:42:34
182,tura,25.5198,90.2201,295.43,91,85,0.86,IN,2024-10-14 19:40:14
183,nuuk,64.1835,-51.7216,274.49,75,0,4.12,GL,2024-10-14 19:42:36
184,isangel,-19.55,169.2667,296.31,81,100,6.23,VU,2024-10-14 19:42:37
185,palmerston,-12.486,130.9833,303.67,68,75,1.54,AU,2024-10-14 19:42:38
186,auki,-8.7676,160.7034,304.17,62,45,1.89,SB,2024-10-14 19:42:39
187,hilo,19.7297,-155.09,299.87,89,100,4.63,US,2024-10-14 19:40:08
188,codrington,-38.2667,141.9667,293.75,57,100,5.15,AU,2024-10-14 19:42:42
189,tanout,14.9709,8.8879,303.5,16,100,4.19,NE,2024-10-14 19:42:43
190,tabou,4.423,-7.3528,297.03,91,60,2.88,CI,2024-10-14 19:42:44
191,dwarka,22.2394,68.9678,301.54,74,73,1.51,IN,2024-10-14 19:42:45
192,lamu,-2.2717,40.902,297.89,83,19,4.57,KE,2024-10-14 19:42:46
193,dickinson,29.4608,-95.0513,303.75,61,0,0.89,US,2024-10-14 19:42:47
194,lagdo,9.05,13.7333,295.22,97,92,1.39,CM,2024-10-14 19:42:48
195,kalemie,-5.9475,29.1947,294.97,83,100,5.47,CD,2024-10-14 19:42:49
196,sandnessjoen,66.0217,12.6316,280.81,63,100,6.77,NO,2024-10-14 19:42:50
197,port lincoln,-34.7333,135.8667,294.6,60,0,1.72,AU,2024-10-14 19:42:52
198,ust'-ordynskiy,52.805,104.7508,271.84,35,31,0.88,RU,2024-10-14 19:42:56
199,robbah,33.2797,6.9098,296.95,35,0,4.39,DZ,2024-10-14 19:42:57
200,queenstown,-31.8976,26.8753,280.08,66,72,4.3,ZA,2024-10-14 19:42:58
201,invercargill,-46.4,168.35,284.83,58,84,1.79,NZ,2024-10-14 19:43:00
202,lihue,21.9789,-159.3672,301.92,70,20,6.69,US,2024-10-14 19:43:01
203,timaru,-44.4,171.25,282.76,60,100,3.73,NZ,2024-10-14 19:43:02
204,al bayda',32.7627,21.7551,289.95,88,88,5.88,LY,2024-10-14 19:43:03
205,norderney,53.7,7.15,282.05,92,8,3.27,DE,2024-10-14 19:43:04
206,mocorito,25.4833,-107.9167,301.21,69,0,2.56,MX,2024-10-14 19:43:05
207,nabire,-3.3667,135.4833,302.81,67,42,1.84,ID,2024-10-14 19:43:06
208,wynyard,-41.0,145.7167,286.03,67,77,11.18,AU,2024-10-14 19:43:07
209,greymouth,-42.4667,171.2,289.19,55,11,2.74,NZ,2024-10-14 19:43:09
210,kismayo,-0.3582,42.5454,298.31,86,93,5.55,SO,2024-10-14 19:43:10
211,piti village,13.4626,144.6933,303.64,79,40,1.54,GU,2024-10-14 19:43:11
212,saint lucia,-27.5,153.0,300.05,60,53,1.34,AU,2024-10-14 19:43:12
213,corn island,12.1694,-83.0418,300.56,81,100,8.91,NI,2024-10-14 19:43:13
214,mundri,-6.9558,111.71,302.61,58,100,3.61,ID,2024-10-14 19:43:14
215,maumere,-8.6199,122.2111,302.44,68,76,1.48,ID,2024-10-14 19:43:15
216,khorixas,-20.3667,14.9667,290.34,51,7,1.57,NA,2024-10-14 19:43:16
217,twon-brass,4.3151,6.2418,299.07,83,98,2.88,NG,2024-10-14 19:42:04
218,ust'-ilimsk,58.0006,102.6619,269.21,90,100,3.79,RU,2024-10-14 19:43:19
219,podgornoye,51.735,39.1496,281.27,93,100,3.0,RU,2024-10-14 19:43:20
220,cill airne,52.05,-9.5167,284.25,91,100,2.37,IE,2024-10-14 19:43:21
221,kourou,5.1552,-52.6478,298.45,82,91,1.45,GF,2024-10-14 19:43:22
222,buka,40.8108,69.1986,284.77,95,100,2.4,UZ,2024-10-14 19:43:23
223,akhty,41.4597,47.7312,281.07,86,68,1.21,RU,2024-10-14 19:43:24
224,gidole,5.65,37.3667,286.85,81,97,1.02,ET,2024-10-14 19:43:25
225,thief river falls,48.1191,-96.1812,277.11,75,0,3.6,US,2024-10-14 19:43:26
226,uturoa,-16.7333,-151.4333,298.22,69,2,3.52,PF,2024-10-14 19:43:28
227,funafuti,-8.5243,179.1942,305.15,74,20,4.63,TV,2024-10-14 19:43:29
228,lebu,-37.6167,-73.65,282.53,90,4,4.84,CL,2024-10-14 19:42:07
229,zouerate,22.7187,-12.4521,300.4,42,55,1.73,MR,2024-10-14 19:43:31
230,portland,45.5234,-122.6762,295.42,66,100,2.06,US,2024-10-14 19:41:52
231,chegdomyn,51.1167,133.0167,278.23,75,98,5.01,RU,2024-10-14 19:43:33
232,hadibu,12.65,54.0333,299.49,66,100,1.05,YE,2024-10-14 19:43:34
233,haiku-pauwela,20.9219,-156.3051,302.16,76,17,11.62,US,2024-10-14 19:43:35
234,lahat,-3.8,103.5333,298.39,84,100,0.37,ID,2024-10-14 19:43:36
235,punta del este,-34.9667,-54.95,290.21,98,100,5.81,UY,2024-10-14 19:41:11
236,makoua,0.0069,15.6333,294.99,98,92,0.97,CG,2024-10-14 19:43:39
237,shingu,33.7333,135.9833,297.19,74,64,3.52,JP,2024-10-14 19:43:40
238,ulanhot,46.0833,122.0833,277.64,35,5,6.88,CN,2024-10-14 19:43:41
239,mut,36.6439,33.4389,292.93,70,25,0.18,TR,2024-10-14 19:43:42
240,ciudad lazaro cardenas,17.9583,-102.2,300.39,81,0,1.6,MX,2024-10-14 19:43:43
241,golden valley,45.0097,-93.3491,280.27,63,40,4.12,US,2024-10-14 19:43:44
242,iskateley,67.6803,53.1512,274.88,98,100,4.98,RU,2024-10-14 19:43:45
243,gamay,12.3854,125.2979,302.26,74,100,2.24,PH,2024-10-14 19:43:47
244,yanykurgan,43.915,67.2481,277.61,57,2,2.93,KZ,2024-10-14 19:43:48
245,siwa oasis,29.2041,25.5195,296.49,62,0,3.55,EG,2024-10-14 19:43:49
246,kizel,59.0471,57.6477,271.48,64,97,0.37,RU,2024-10-14 19:43:50
247,gaiman,-43.2897,-65.4929,282.26,55,85,3.35,AR,2024-10-14 19:43:51
248,jiazi,22.8779,116.067,299.61,76,31,4.61,CN,2024-10-14 19:43:52
249,mersa matruh,31.3525,27.2453,295.5,67,0,2.14,EG,2024-10-14 19:43:53
250,vorgashor,67.5833,63.95,271.51,98,100,3.6,RU,2024-10-14 19:43:54
251,estevan,49.1334,-102.9842,282.16,53,0,5.66,CA,2024-10-14 19:42:48
252,penzance,50.1186,-5.5371,286.53,92,100,4.34,GB,2024-10-14 19:41:14
253,uhersky brod,49.0251,17.6472,282.38,95,99,1.63,CZ,2024-10-14 19:43:59
254,lerwick,60.1545,-1.1494,284.11,87,100,6.86,GB,2024-10-14 19:44:00
255,estacion coahuila,32.1939,-115.0017,305.01,16,0,2.24,MX,2024-10-14 19:44:01
256,wongsorejo,-7.9908,114.4009,302.47,61,99,5.24,ID,2024-10-14 19:44:02
257,zhezqazghan,47.7833,67.7667,275.58,64,1,1.93,KZ,2024-10-14 19:44:03
258,argo,37.6333,22.7333,292.08,75,37,1.76,GR,2024-10-14 19:44:04
259,puerto el triunfo,13.2833,-88.55,299.47,86,63,0.35,SV,2024-10-14 19:44:05
260,richards bay,-28.783,32.0377,291.06,83,100,9.13,ZA,2024-10-14 19:41:54
261,cekerek,40.0731,35.4947,284.29,90,77,2.3,TR,2024-10-14 19:44:08
262,saint-francois,46.4154,3.9054,286.3,94,100,2.06,FR,2024-10-14 19:44:09
263,prymors'k,46.7348,36.3443,284.0,80,9,5.91,UA,2024-10-14 19:44:10
264,guelmim,28.987,-10.0574,292.34,88,0,0.0,MA,2024-10-14 19:44:11
265,hobe sound,27.0595,-80.1364,298.12,79,0,0.0,US,2024-10-14 19:41:31
266,puerto aysen,-45.4,-72.7,278.86,97,18,1.81,CL,2024-10-14 19:44:13
267,tortosa,40.8125,0.5216,294.65,94,100,2.59,ES,2024-10-14 19:39:43
268,simitli,41.8833,23.1167,282.91,91,100,0.5,BG,2024-10-14 19:44:15
269,jiuquan,39.7432,98.5174,284.78,34,100,0.75,CN,2024-10-14 19:44:17
270,nchelenge,-9.3451,28.734,295.17,73,100,0.44,ZM,2024-10-14 19:44:18
271,lompoc,34.6391,-120.4579,290.76,95,100,5.14,US,2024-10-14 19:44:19
272,lalago,-3.45,33.95,296.09,51,100,1.87,TZ,2024-10-14 19:44:20
273,suva,-18.1416,178.4415,297.86,94,75,2.06,FJ,2024-10-14 19:42:27
274,nasiriyah,31.0521,46.261,301.69,20,0,1.17,IQ,2024-10-14 19:44:22
275,abhar,36.1468,49.218,284.22,84,0,2.02,IR,2024-10-14 19:44:23
276,igrim,63.1906,64.4162,273.36,65,53,3.37,RU,2024-10-14 19:44:24
277,allapalli,19.4167,80.0667,296.55,96,100,0.66,IN,2024-10-14 19:44:26
278,fortuna,40.5982,-124.1573,293.66,68,0,4.12,US,2024-10-14 19:44:27
279,sverdlovskiy,55.9108,38.1536,273.23,98,100,2.76,RU,2024-10-14 19:44:28
280,tazovsky,67.4667,78.7,274.0,96,100,7.0,RU,2024-10-14 19:44:30
281,nong ki,14.6868,102.538,299.23,77,34,1.87,TH,2024-10-14 19:44:31
282,najran,17.4924,44.1277,295.95,23,100,2.11,SA,2024-10-14 19:44:32
283,usogorsk,63.4106,48.6872,272.83,71,89,3.29,RU,2024-10-14 19:44:33
284,bonito,-21.1211,-56.4819,299.24,54,100,0.56,BR,2024-10-14 19:44:34
285,kirakira,-10.4544,161.9205,302.17,76,99,4.34,SB,2024-10-14 19:44:35
286,freeport,40.6576,-73.5832,284.25,60,0,11.83,US,2024-10-14 19:32:22
287,praya,14.9215,-23.5087,299.4,82,100,4.69,CV,2024-10-14 19:44:37
288,barra de santo antonio,-9.4047,-35.5072,297.67,81,22,3.9,BR,2024-10-14 19:44:38
289,atbasar,51.8,68.3333,269.17,72,86,4.93,KZ,2024-10-14 19:44:40
290,broome,42.2506,-75.833,278.53,84,100,4.12,US,2024-10-14 19:44:41
291,saldanha,-33.0117,17.9442,286.18,66,0,6.93,ZA,2024-10-14 19:44:42
292,alotau,-10.3069,150.4462,304.52,58,22,2.28,PG,2024-10-14 19:44:43
293,herkimer,43.0256,-74.986,279.83,91,12,3.49,US,2024-10-14 19:44:44
294,clarion,41.2148,-79.3853,277.96,81,8,1.46,US,2024-10-14 19:44:46
295,kirkwall,58.9848,-2.9587,282.57,87,99,4.12,GB,2024-10-14 19:44:48
296,goniri,11.4833,12.3144,297.45,71,100,3.38,NG,2024-10-14 19:44:49
297,carutapera,-1.195,-46.02,299.24,78,80,4.11,BR,2024-10-14 19:44:50
298,pacific grove,36.6177,-121.9166,290.05,94,100,3.6,US,2024-10-14 19:44:51
299,kabo,7.6994,18.629,294.41,98,100,1.89,CF,2024-10-14 19:44:52
300,kimberley,-28.7323,24.7623,287.98,43,77,6.17,ZA,2024-10-14 19:44:53
301,kawambwa,-9.7915,29.0791,292.48,66,100,0.73,ZM,2024-10-14 19:44:55
302,aljezur,37.3191,-8.8033,292.03,91,15,5.75,PT,2024-10-14 19:44:56
303,tual,-5.6667,132.75,300.8,77,97,6.4,ID,2024-10-14 19:44:57
304,hadsund,56.7148,10.1168,278.65,75,90,3.69,DK,2024-10-14 19:44:58
305,papao,-17.75,-149.55,300.97,78,28,4.25,PF,2024-10-14 19:44:59
306,ndago,-4.6,34.35,295.45,44,100,3.33,TZ,2024-10-14 19:45:00
307,nuriootpa,-34.4833,139.0,292.82,72,63,5.46,AU,2024-10-14 19:45:01
308,macau,22.2006,113.5461,301.32,78,20,2.06,MO,2024-10-14 19:43:40
309,macusani,-14.0833,-70.4333,275.77,77,100,1.44,PE,2024-10-14 19:45:04
310,ronne,55.1009,14.7066,282.1,71,20,5.14,DK,2024-10-14 19:45:05
311,chibougamau,49.9168,-74.3659,276.94,87,100,3.6,CA,2024-10-14 19:43:15
312,woods creek,47.8787,-121.8985,289.69,92,100,1.45,US,2024-10-14 19:45:07
313,paysandu,-32.3214,-58.0756,291.26,82,100,5.58,UY,2024-10-14 19:43:29
314,happy valley-goose bay,53.3168,-60.3315,275.32,93,40,1.03,CA,2024-10-14 19:45:10
315,keetmanshoop,-26.5833,18.1333,293.66,22,60,1.54,NA,2024-10-14 19:45:11
316,minot,48.2325,-101.2963,283.21,53,0,6.17,US,2024-10-14 19:42:15
317,tobelo,1.7284,128.0095,302.65,69,100,0.83,ID,2024-10-14 19:45:14
318,niquelandia,-14.4739,-48.4597,298.91,54,42,1.64,BR,2024-10-14 19:45:16
319,patterson,37.4716,-121.1297,301.12,49,0,3.26,US,2024-10-14 19:45:17
320,bathsheba,13.2167,-59.5167,301.49,83,40,4.12,BB,2024-10-14 19:45:18
321,chatillon-sur-seine,47.8585,4.5738,286.99,96,100,2.15,FR,2024-10-14 19:45:19
322,qurayyat,31.3318,37.3428,293.25,60,0,2.06,SA,2024-10-14 19:45:20
323,hobyo,5.3505,48.5268,298.28,88,100,9.1,SO,2024-10-14 19:45:21
324,zyryanovsk,49.7386,84.2719,270.69,74,100,0.84,KZ,2024-10-14 19:45:23
325,durazno,-33.4131,-56.5006,291.01,87,100,5.4,UY,2024-10-14 19:43:26
326,primorsko-akhtarsk,46.0497,38.1747,288.26,80,100,3.61,RU,2024-10-14 19:45:25
327,loches,47.1333,1.0,289.05,90,100,3.55,FR,2024-10-14 19:45:26
328,poronaysk,49.2167,143.1167,289.57,62,22,7.89,RU,2024-10-14 19:45:28
329,zest'aponi,42.11,43.0525,288.85,81,100,1.34,GE,2024-10-14 19:45:29
330,pleiku,13.9833,108.0,295.89,91,100,1.06,VN,2024-10-14 19:45:30
331,enewetak,11.3474,162.3373,302.2,76,88,7.17,MH,2024-10-14 19:45:31
332,luanda,-8.8368,13.2343,297.15,88,75,2.57,AO,2024-10-14 19:45:32
333,hechuan,29.9947,106.2572,294.87,69,92,0.23,CN,2024-10-14 19:45:33
334,prince rupert,54.3161,-130.3201,284.98,86,100,12.35,CA,2024-10-14 19:45:34
335,desaguadero,-16.5656,-69.0417,283.08,56,98,4.86,PE,2024-10-14 19:45:35
336,talnakh,69.4865,88.3972,254.36,96,30,2.82,RU,2024-10-14 19:45:36
337,north haven,41.3909,-72.8595,283.62,72,85,3.58,US,2024-10-14 19:45:38
338,najaf,31.9985,44.3398,300.98,19,0,2.29,IQ,2024-10-14 19:45:39
339,puerto baquerizo moreno,-0.9,-89.6,293.83,87,99,4.43,EC,2024-10-14 19:45:40
340,morgan city,29.6994,-91.2068,298.15,88,0,2.06,US,2024-10-14 19:45:41
341,mao,39.8885,4.2658,295.46,94,100,4.12,ES,2024-10-14 19:45:42
342,mombetsu,44.3525,143.3525,290.16,67,75,1.54,JP,2024-10-14 19:45:43
343,laibin,23.7,109.2667,297.8,76,33,3.0,CN,2024-10-14 19:45:44
344,shimoda,34.6667,138.95,296.87,63,17,3.81,JP,2024-10-14 19:45:45
345,moche,-8.1711,-79.0092,290.25,88,100,3.6,PE,2024-10-14 19:45:46
346,barabai,-2.5833,115.3833,300.77,82,78,0.81,ID,2024-10-14 19:45:48
347,labrador city,52.9463,-66.9114,273.81,79,100,30.85,CA,2024-10-14 19:45:49
348,anamur,36.0751,32.8369,295.21,76,36,1.64,TR,2024-10-14 19:45:50
349,la solana,38.9442,-3.2381,292.59,62,100,8.64,ES,2024-10-14 19:45:51
350,manacapuru,-3.2997,-60.6206,302.36,46,40,1.34,BR,2024-10-14 19:45:52
351,axim,4.8699,-2.2405,298.06,89,35,2.87,GH,2024-10-14 19:45:25
352,sorong,-0.8833,131.25,302.02,72,100,3.09,ID,2024-10-14 19:45:54
353,urengoy,65.9667,78.3667,272.68,96,100,4.04,RU,2024-10-14 19:42:02
354,selfoss,63.9331,-20.9971,277.06,74,100,5.06,IS,2024-10-14 19:45:56
355,sumqayit,40.5897,49.6686,289.61,52,100,1.18,AZ,2024-10-14 19:45:58
356,ubinskoye,55.3068,79.6802,272.09,61,59,1.26,RU,2024-10-14 19:45:59
357,la ronge,55.1001,-105.2842,283.29,57,75,8.23,CA,2024-10-14 19:46:00
358,nadym,65.5333,72.5167,273.11,93,100,3.54,RU,2024-10-14 19:46:01
359,tralee,52.2704,-9.7026,283.59,89,100,2.45,IE,2024-10-14 19:46:02
360,gazojak,41.1875,61.4036,277.5,69,32,2.56,TM,2024-10-14 19:46:03
361,kalach-na-donu,48.691,43.5264,280.63,73,100,6.18,RU,2024-10-14 19:46:04
362,markovo,57.3206,107.0881,270.91,85,100,4.04,RU,2024-10-14 19:46:05
363,belmonte,-15.8631,-38.8828,297.93,80,100,5.34,BR,2024-10-14 19:46:07
364,muroto-misakicho,33.2833,134.15,298.56,62,97,5.92,JP,2024-10-14 19:46:08
365,ryotsu-minato,38.0833,138.4333,292.95,74,100,1.99,JP,2024-10-14 19:46:09
366,east london,-33.0153,27.9116,288.11,59,100,4.74,ZA,2024-10-14 19:45:20
367,holualoa,19.6228,-155.9522,300.83,69,0,4.12,US,2024-10-14 19:46:12
368,lanxi,29.2195,119.477,297.7,77,100,1.73,CN,2024-10-14 19:46:13
369,scarborough,54.2797,-0.4044,282.47,87,14,2.24,GB,2024-10-14 19:41:40
370,el calafate,-50.3408,-72.2768,280.71,77,100,1.79,AR,2024-10-14 19:46:15
371,saint croix,17.7397,-64.7388,300.4,84,20,3.09,VI,2024-10-14 19:46:17
372,hammerfest,70.6634,23.6821,278.4,75,75,5.66,NO,2024-10-14 19:46:18
373,port moresby,-9.4431,147.1797,302.83,70,75,5.14,PG,2024-10-14 19:46:19
374,port saint john's,-31.6229,29.5448,289.2,58,97,8.71,ZA,2024-10-14 19:46:20
375,douz,33.4663,9.0203,297.16,50,0,4.14,TN,2024-10-14 19:46:21
376,garbahaarrey,3.3289,42.2209,297.23,79,100,7.64,SO,2024-10-14 19:46:22
377,neustadt an der aisch,49.5833,10.6,283.06,99,100,2.57,DE,2024-10-14 19:46:23
378,mana,5.6592,-53.7767,299.16,82,13,2.66,GF,2024-10-14 19:46:24
379,nizao,18.25,-70.2,300.46,78,49,3.41,DO,2024-10-14 19:46:25
380,trevelin,-43.0858,-71.4639,280.31,87,3,2.43,AR,2024-10-14 19:46:27
381,mount pearl,47.5166,-52.7813,282.01,92,100,2.06,CA,2024-10-14 19:46:29
382,kainantu,-6.2887,145.8655,296.36,67,67,1.87,PG,2024-10-14 19:46:30
383,tahe,52.3333,124.7333,269.23,54,0,5.3,CN,2024-10-14 19:46:31
384,sur,22.5667,59.5289,300.34,70,100,6.68,OM,2024-10-14 19:46:33
385,atamyrat,37.8357,65.2106,285.92,70,11,5.89,TM,2024-10-14 19:46:35
386,kruisfontein,-34.0033,24.7314,282.25,61,16,1.74,ZA,2024-10-14 19:46:36
387,sergeyevka,53.88,67.4158,266.9,89,40,1.27,KZ,2024-10-14 19:46:37
388,adam,22.3756,57.5233,297.53,70,78,1.42,OM,2024-10-14 19:46:38
389,maseru,-29.3167,27.4833,286.55,64,99,0.72,LS,2024-10-14 19:46:39
390,vernon,50.2581,-119.2691,289.68,57,100,0.51,CA,2024-10-14 19:46:40
391,al kharijah,25.4514,30.5464,300.1,31,0,3.75,EG,2024-10-14 19:46:41
392,takoradi,4.8845,-1.7554,297.56,92,14,3.1,GH,2024-10-14 19:45:23
393,puerto san jose,13.9256,-90.8244,302.18,83,40,2.06,GT,2024-10-14 19:45:04
394,amos,48.5669,-78.1162,274.61,95,100,4.46,CA,2024-10-14 19:46:45
395,tres isletas,-26.3407,-60.4321,299.1,71,0,3.57,AR,2024-10-14 19:46:46
396,arkhangel'sk,64.5401,40.5433,276.21,100,100,3.0,RU,2024-10-14 19:46:47
397,novoaleksandrovsk,45.4948,41.2207,284.74,81,100,2.84,RU,2024-10-14 19:46:48
398,palmer,42.1584,-72.3287,282.12,66,40,7.72,US,2024-10-14 19:46:49
399,seydi,39.4816,62.9137,281.15,43,35,3.75,TM,2024-10-14 19:46:50
400,laguna,38.421,-121.4238,302.23,46,0,3.6,US,2024-10-14 19:46:51
401,whakatane,-37.9585,176.9854,291.15,51,100,3.36,NZ,2024-10-14 19:46:53
402,atafu village,-8.5421,-172.5159,301.65,69,100,4.77,TK,2024-10-14 19:46:54
403,tosontsengel,48.7567,98.2839,274.77,45,100,1.91,MN,2024-10-14 19:46:55
404,yoichi,43.2039,140.7703,292.71,66,10,2.59,JP,2024-10-14 19:46:56
405,songea,-10.6833,35.65,292.23,60,51,1.6,TZ,2024-10-14 19:46:57
406,'ain el hadjar,34.7585,0.1453,292.9,54,100,6.8,DZ,2024-10-14 19:46:58
407,januaria,-15.4833,-44.3667,297.95,69,19,3.2,BR,2024-10-14 19:46:59
408,crane,31.3974,-102.3501,299.23,20,0,5.2,US,2024-10-14 19:47:00
409,khuzdar,27.7384,66.6434,292.51,46,82,1.27,PK,2024-10-14 19:44:07
410,christchurch,-43.5333,172.6333,284.79,68,100,8.23,NZ,2024-10-14 19:47:03
411,popondetta,-8.7537,148.2534,305.73,54,39,2.8,PG,2024-10-14 19:47:04
412,nogliki,51.8333,143.1667,288.0,65,50,6.76,RU,2024-10-14 19:47:05
413,okha,53.5739,142.9478,288.05,68,29,9.2,RU,2024-10-14 19:47:06
414,bay roberts,47.5999,-53.2648,280.96,92,99,3.33,CA,2024-10-14 19:47:07
415,princeville,45.7668,-61.2985,284.51,100,100,3.09,CA,2024-10-14 19:44:15
416,chela,34.069,104.4619,282.31,81,100,1.6,CN,2024-10-14 19:47:10
417,broken hill,-31.95,141.4333,298.48,37,100,4.67,AU,2024-10-14 19:47:12
418,kapuskasing,49.4169,-82.4331,276.2,81,100,5.14,CA,2024-10-14 19:42:15
419,griffith,41.5284,-87.4237,283.12,63,75,1.54,US,2024-10-14 19:47:14
420,arauca,7.0847,-70.7591,301.13,83,75,1.03,CO,2024-10-14 19:47:15
421,mahikeng,-25.8652,25.6442,297.14,35,100,7.72,ZA,2024-10-14 19:45:38
422,lodwar,3.1191,35.5973,302.14,43,98,3.48,KE,2024-10-14 19:47:17
423,saint-pierre,-21.3393,55.4781,294.97,60,100,2.57,RE,2024-10-14 19:47:18
424,pachperwa,27.5167,82.65,293.04,73,58,1.55,IN,2024-10-14 19:47:20
425,kerikeri,-35.2268,173.9474,292.54,54,2,4.47,NZ,2024-10-14 19:47:21
426,emerald,-23.5333,148.1667,297.23,56,0,4.25,AU,2024-10-14 19:47:22
427,kamaishi,39.2667,141.8833,293.89,66,43,4.27,JP,2024-10-14 19:47:23
428,tabas,33.5959,56.9244,297.19,19,98,1.28,IR,2024-10-14 19:47:24
429,bodo,67.28,14.405,279.69,81,100,10.29,NO,2024-10-14 19:47:25
430,floro,61.5996,5.0328,279.13,81,100,6.17,NO,2024-10-14 19:47:26
431,hohhot,40.8106,111.6522,279.31,61,0,2.0,CN,2024-10-14 19:47:27
432,chittarkonda,18.1167,82.0833,293.73,91,91,1.08,IN,2024-10-14 19:47:28
433,sakaiminato,35.55,133.2333,298.14,69,75,2.57,JP,2024-10-14 19:47:30
434,kill devil hills,36.0307,-75.676,292.03,43,40,5.66,US,2024-10-14 19:47:31
435,wakkanai,45.4094,141.6739,291.14,68,20,6.69,JP,2024-10-14 19:47:32
436,port blair,11.6667,92.75,300.17,94,40,2.57,IN,2024-10-14 19:47:33
437,tonghae,37.5439,129.1069,295.18,66,99,0.77,KR,2024-10-14 19:47:35
438,vadso,70.0744,29.7487,276.24,87,100,4.63,NO,2024-10-14 19:47:36
439,gafsa,34.425,8.7842,296.27,60,0,3.6,TN,2024-10-14 19:47:37
440,galesong,-5.3166,119.3661,303.14,62,97,3.14,ID,2024-10-14 19:47:39
441,qarqaraly,49.4058,75.4742,270.41,55,34,1.99,KZ,2024-10-14 19:47:40
442,sisimiut,66.9395,-53.6735,273.03,75,75,1.94,GL,2024-10-14 19:47:41
443,duayaw-nkwanta,7.1724,-2.1028,293.78,98,75,0.86,GH,2024-10-14 19:47:42
444,tsuma,32.1,131.4,297.12,74,100,1.83,JP,2024-10-14 19:47:43
445,tank,32.2217,70.3793,298.15,27,0,0.54,PK,2024-10-14 19:47:44
446,valparaiso,-33.0393,-71.6273,285.95,82,0,0.51,CL,2024-10-14 19:46:48
447,creel,27.75,-107.6333,288.33,57,68,5.04,MX,2024-10-14 19:47:46
448,sarangani,5.4033,125.4636,301.8,73,100,2.66,PH,2024-10-14 19:47:48
449,pakuranga,-36.8833,174.9167,290.2,64,100,9.26,NZ,2024-10-14 19:47:49
450,bakchar,57.0186,82.0711,270.15,89,70,1.01,RU,2024-10-14 19:47:50
451,ta`u,-14.2336,-169.5144,299.87,74,95,8.03,AS,2024-10-14 19:47:51
452,monterey,36.2505,-121.2516,289.21,49,0,3.92,US,2024-10-14 19:44:32
453,eyl,7.9803,49.8164,298.99,83,63,4.86,SO,2024-10-14 19:47:53
454,gulma,12.6423,4.3555,298.86,74,33,2.53,NG,2024-10-14 19:47:54
455,whittlesea,-32.1759,26.8244,278.99,72,60,3.9,ZA,2024-10-14 19:47:55
456,harper,4.375,-7.7169,297.35,89,66,2.58,LR,2024-10-14 19:47:56
457,kalevala,65.2,31.1667,277.44,97,100,1.64,RU,2024-10-14 19:47:59
458,inari,68.906,27.0288,276.61,95,100,1.89,FI,2024-10-14 19:48:00
459,jijiga,9.35,42.8,291.16,55,99,1.36,ET,2024-10-14 19:43:39
460,palmerston north,-40.35,175.6167,283.27,92,100,3.67,NZ,2024-10-14 19:48:02
461,kerman,30.2832,57.0788,289.07,31,40,2.06,IR,2024-10-14 19:48:03
462,pyin oo lwin,22.0333,96.4667,293.34,92,17,0.64,MM,2024-10-14 19:48:04
463,bamboo flat,11.7,92.7167,300.2,94,40,2.57,IN,2024-10-14 19:48:05
464,quellon,-43.1167,-73.6167,281.01,76,70,1.07,CL,2024-10-14 19:48:07
465,qamdo,31.1667,97.2333,278.09,46,99,2.82,CN,2024-10-14 19:48:08
466,dudinka,69.4058,86.1778,254.9,96,68,3.27,RU,2024-10-14 19:48:09
467,totolac,19.325,-98.2583,291.49,70,97,2.55,MX,2024-10-14 19:48:10
468,la'ie,21.6477,-157.9253,301.81,80,10,4.02,US,2024-10-14 19:48:12
469,ola,59.5833,151.2833,276.32,91,100,2.45,RU,2024-10-14 19:48:13
470,vares,44.1644,18.3283,280.62,95,7,1.04,BA,2024-10-14 19:48:14
471,tindouf,27.6711,-8.1474,295.4,56,0,2.06,DZ,2024-10-14 19:48:15
472,bardai,11.65,7.2333,295.23,83,71,2.99,NG,2024-10-14 19:48:17
473,pimentel,-6.8367,-79.9342,291.31,82,40,9.26,PE,2024-10-14 19:48:18
474,wenling,28.3669,121.36,297.35,84,86,1.76,CN,2024-10-14 19:48:19
475,martapura,-3.4167,114.85,300.2,89,20,2.57,ID,2024-10-14 19:48:20
476,sosnovo-ozerskoye,52.5249,111.5418,266.94,53,39,5.57,RU,2024-10-14 19:48:21
477,urangan,-25.3,152.9,292.69,81,100,2.68,AU,2024-10-14 19:48:23
478,tsengel,49.4783,100.8894,270.38,86,100,0.52,MN,2024-10-14 19:48:24
479,nichinan,31.6,131.3667,299.26,66,95,4.03,JP,2024-10-14 19:48:26
480,kodinar,20.7903,70.7031,299.54,81,100,2.06,IN,2024-10-14 19:48:27
481,guercif,34.2257,-3.3536,293.16,64,99,2.02,MA,2024-10-14 19:48:28
482,san patricio,28.017,-97.5169,302.12,63,0,4.7,US,2024-10-14 19:48:29
483,camp verde,34.5636,-111.8543,303.52,19,0,3.59,US,2024-10-14 19:48:30
484,pimenta bueno,-11.6725,-61.1936,297.16,82,99,3.21,BR,2024-10-14 19:48:31
485,howrah,22.5892,88.3103,300.15,89,40,0.0,IN,2024-10-14 19:48:32
486,kisangani,0.5167,25.2,293.37,99,100,0.4,CD,2024-10-14 19:48:33
487,las tablas,7.7667,-80.2833,299.91,99,100,1.91,PA,2024-10-14 19:48:34
488,alofi,-19.0595,-169.9187,302.09,58,40,5.66,NU,2024-10-14 19:48:36
489,talcahuano,-36.7167,-73.1167,286.97,77,0,4.12,CL,2024-10-14 19:48:37
490,callao,-12.0667,-77.15,292.44,82,20,4.12,PE,2024-10-14 19:48:38
491,magistral'nyy,56.1725,107.4458,270.29,91,100,3.31,RU,2024-10-14 19:48:39
492,dhidhdhoo,6.8833,73.1,300.93,77,100,5.74,MV,2024-10-14 19:48:40
493,arraias,-12.9288,-46.9437,297.69,60,16,2.11,BR,2024-10-14 19:48:41
494,grande prairie,55.1667,-118.8027,288.25,55,75,4.63,CA,2024-10-14 19:48:42
495,geraldton,-28.7667,114.6,293.38,56,75,5.14,AU,2024-10-14 19:48:43
496,bahia de kino,28.8333,-111.9333,303.3,57,0,4.29,MX,2024-10-14 19:48:44
497,tubarjal,30.4999,38.216,295.34,56,0,4.33,SA,2024-10-14 19:48:46
498,kirensk,57.7853,108.1119,270.99,90,100,4.53,RU,2024-10-14 19:48:47
499,kapa'a,22.0752,-159.319,302.33,85,20,6.69,US,2024-10-14 19:48:48
500,chernyshevsk,52.5243,117.0174,269.44,43,14,3.55,RU,2024-10-14 19:48:49
501,fedorovskiy,45.0972,40.9517,285.05,81,100,3.03,RU,2024-10-14 19:48:50
502,darwin,-12.4611,130.8418,303.68,66,40,0.51,AU,2024-10-14 19:45:02
503,nanding,36.7483,118.0558,295.19,50,0,2.04,CN,2024-10-14 19:48:54
504,lagoa,39.05,-27.9833,293.59,71,57,9.72,PT,2024-10-14 19:48:55
505,amstetten,48.1229,14.8721,285.12,96,85,2.48,AT,2024-10-14 19:48:56
506,bukuru,9.8,8.8667,290.82,90,56,1.78,NG,2024-10-14 19:48:57
507,aoulef,26.9667,1.0833,301.31,32,61,5.82,DZ,2024-10-14 19:48:58
508,idri,27.5,13.2667,298.92,38,0,4.6,LY,2024-10-14 19:49:00
509,lagos,6.5833,3.75,297.2,94,100,1.32,NG,2024-10-14 19:39:09
510,hoshcha,50.6003,26.6744,281.5,75,100,4.58,UA,2024-10-14 19:49:02
511,taoudenni,22.6783,-3.9836,304.84,21,93,4.42,ML,2024-10-14 19:49:04
512,luneville,48.6,6.5,287.09,95,100,1.07,FR,2024-10-14 19:49:05
513,santiago de cao,-7.9589,-79.2392,290.22,88,100,3.6,PE,2024-10-14 19:49:06
514,neon karlovasion,37.7903,26.7044,294.21,58,100,5.83,GR,2024-10-14 19:49:07
515,comodoro rivadavia,-45.8667,-67.5,283.07,62,0,1.54,AR,2024-10-14 19:46:25
516,saint-philippe,-21.3585,55.7679,294.66,84,58,4.55,RE,2024-10-14 19:49:09
517,lorengau,-2.0226,147.2712,302.96,68,100,2.64,PG,2024-10-14 19:49:10
518,joshimath,30.5667,79.5667,283.37,45,0,2.81,IN,2024-10-14 19:49:11
519,hoa binh,20.8133,105.3383,299.47,78,24,0.45,VN,2024-10-14 19:49:13
520,rikaze,29.25,88.8833,279.73,53,1,1.04,CN,2024-10-14 19:49:14
521,ar raqqah,35.95,39.0167,295.71,67,6,3.49,SY,2024-10-14 19:49:15
522,lensk,60.7253,114.9278,269.99,88,100,4.71,RU,2024-10-14 19:49:16
523,shache,38.4167,77.2406,286.74,38,95,4.21,CN,2024-10-14 19:49:17
524,natchez,31.5604,-91.4032,293.84,49,0,2.57,US,2024-10-14 19:49:18
525,bengkulu,-3.8004,102.2655,297.87,83,100,1.77,ID,2024-10-14 19:44:43
526,mokopane,-24.1944,29.0097,292.43,63,100,3.13,ZA,2024-10-14 19:49:22
527,puerto deseado,-47.7503,-65.8938,285.99,46,0,6.4,AR,2024-10-14 19:46:19
528,klyuchi,52.2667,79.1667,269.0,76,100,1.69,RU,2024-10-14 19:49:24
529,cochin,9.9399,76.2602,297.14,92,100,1.8,IN,2024-10-14 19:49:21
530,robinson,31.4677,-97.1147,299.17,52,0,2.57,US,2024-10-14 19:49:26
531,tidjikja,18.5564,-11.4271,304.09,30,100,0.99,MR,2024-10-14 19:49:27
532,conception bay south,47.4999,-52.9981,282.34,92,100,3.81,CA,2024-10-14 19:49:29
533,machico,32.7,-16.7667,297.04,90,40,4.12,PT,2024-10-14 19:49:30
534,areia branca,-4.9561,-37.1369,298.76,71,40,8.73,BR,2024-10-14 19:49:31
535,kolasib,24.2333,92.7,292.89,83,21,0.43,IN,2024-10-14 19:49:32
536,alvaraes,-3.2208,-64.8042,301.49,48,15,1.16,BR,2024-10-14 19:49:33
537,bastia,42.6667,9.3333,290.94,90,75,1.03,FR,2024-10-14 19:49:34
538,sinabang,2.4803,96.3801,299.48,82,90,5.12,ID,2024-10-14 19:49:35
539,melfi,40.9965,15.6514,287.44,75,16,1.59,IT,2024-10-14 19:49:36
540,nurota,40.5614,65.6886,278.43,49,100,0.93,UZ,2024-10-14 19:49:37
541,berdigestyakh,62.0989,126.6992,265.06,84,98,2.63,RU,2024-10-14 19:48:09
542,tateyama,34.9833,139.8667,296.97,54,92,2.11,JP,2024-10-14 19:46:34
543,erdenet,49.0333,104.0833,270.16,72,92,1.75,MN,2024-10-14 19:49:41
544,touros,-5.1989,-35.4608,298.42,76,6,6.41,BR,2024-10-14 19:49:42
545,nantucket,41.2835,-70.0995,287.21,88,0,3.6,US,2024-10-14 19:46:25
546,merizo village,13.2658,144.6691,303.47,82,88,1.88,GU,2024-10-14 19:49:44
547,baijiantan,45.6333,85.1833,283.14,70,100,3.17,CN,2024-10-14 19:49:45
548,an nimas,19.1455,42.1201,289.91,23,58,2.25,SA,2024-10-14 19:49:46
549,tacna,-18.0056,-70.2483,287.26,77,100,3.09,PE,2024-10-14 19:49:48
550,bonthe,7.5264,-12.505,296.52,93,100,2.34,SL,2024-10-14 19:49:49
551,sao felix do xingu,-6.6447,-51.995,297.86,71,35,0.61,BR,2024-10-14 19:49:50
552,archangelos,36.2149,28.1149,295.54,70,100,1.09,GR,2024-10-14 19:49:51
553,boise,43.6135,-116.2035,296.49,44,38,1.74,US,2024-10-14 19:44:59
554,general villegas,-35.0328,-63.0125,288.84,96,100,3.7,AR,2024-10-14 19:49:53
555,ruteng,-8.6136,120.4721,299.11,52,100,0.78,ID,2024-10-14 19:49:54
556,bakanas,44.8081,76.2772,282.87,85,100,1.74,KZ,2024-10-14 19:49:55
557,union,40.6334,-74.2663,283.8,63,0,4.63,US,2024-10-14 19:49:22
558,howell,42.6073,-83.9294,280.34,82,75,0.45,US,2024-10-14 19:49:48
559,cannonvale,-20.2833,148.7,297.81,61,0,6.83,AU,2024-10-14 19:49:59
560,fort bragg,35.139,-79.006,290.9,40,0,1.54,US,2024-10-14 19:50:00
561,nadi,-17.8,177.4167,301.15,65,100,3.6,FJ,2024-10-14 19:50:01
562,kudahuvadhoo,2.6708,72.8944,300.79,77,99,6.26,MV,2024-10-14 19:50:04
563,jolo,6.05,121.0167,302.83,72,100,1.39,PH,2024-10-14 19:50:05
564,bizerte,37.2744,9.8739,295.15,94,20,2.06,TN,2024-10-14 19:50:06
565,fredericksburg,38.3032,-77.4605,287.12,62,40,4.92,US,2024-10-14 19:46:10
566,garissa,-0.4536,39.6401,297.64,82,85,5.99,KE,2024-10-14 19:50:08
567,yulinshi,38.2906,109.7494,287.3,46,0,3.51,CN,2024-10-14 19:50:10
568,kuna,43.4918,-116.4201,296.89,42,0,0.0,US,2024-10-14 19:50:11
569,slavyanka,42.8633,131.3847,290.12,92,100,2.47,RU,2024-10-14 19:50:13
570,cova figueira,14.8905,-24.2934,293.86,82,82,4.63,CV,2024-10-14 19:50:14
571,villa ojo de agua,-29.5,-63.6938,295.19,70,85,7.96,AR,2024-10-14 19:50:15
572,san luis de la loma,17.2706,-100.8939,299.66,84,45,1.87,MX,2024-10-14 19:50:16
573,ambon,-3.6954,128.1814,303.7,78,40,1.03,ID,2024-10-14 19:50:17
574,pariaman,-0.619,100.12,297.18,77,40,1.3,ID,2024-10-14 19:50:18
575,kani keli,-12.9536,45.1033,298.74,81,28,3.6,YT,2024-10-14 19:50:19
576,wanning,18.8003,110.3967,300.8,83,43,2.47,CN,2024-10-14 19:50:20
577,san benito,36.6166,-121.0844,290.1,64,0,1.8,US,2024-10-14 19:50:21
578,tymovskoye,50.8456,142.655,286.81,73,29,5.06,RU,2024-10-14 19:50:22
579,mount isa,-20.7333,139.5,304.02,37,1,5.66,AU,2024-10-14 19:50:24
580,karratha,-20.7377,116.8463,304.8,17,0,3.64,AU,2024-10-14 19:50:25
581,arno,60.1167,18.6333,278.71,82,57,5.78,SE,2024-10-14 19:50:26
582,tangail,24.25,89.9167,298.77,76,10,0.79,BD,2024-10-14 19:50:27
